{"version": "1", "score": {"sample": {"0": {"execution_time": 0.1800386905670166, "passed": true}, "1": {"execution_time": 0.1371757984161377, "passed": true}, "2": {"execution_time": 0.18056631088256836, "passed": true}, "3": {"execution_time": 0.21592044830322266, "passed": true}, "4": {"execution_time": 0.1264209747314453, "passed": true}, "5": {"execution_time": 0.1466386318206787, "passed": true}, "6": {"execution_time": 0.12925386428833008, "passed": true}, "7": {"execution_time": 0.14493489265441895, "passed": true}, "8": {"execution_time": 0.1662452220916748, "passed": true}, "9": {"execution_time": 0.1209249496459961, "passed": true}, "10": {"execution_time": 0.13318753242492676, "passed": true}, "11": {"execution_time": 0.12984609603881836, "passed": true}, "12": {"execution_time": 0.1402895450592041, "passed": true}, "13": {"execution_time": 0.8736999034881592, "passed": true}, "14": {"execution_time": 0.16217517852783203, "passed": true}}}, "user_id": "LaxmiNarayanaMurthyVemuri", "check_style_score": "0/1", "message": "ERROR: Hidden Testcases server unreachable.", "problem_id": "ads2_m4_a1_1"}