{"user_id": "LaxmiNarayanaMurthyVemuri", "score": {"sample": {"0": {"passed": true, "execution_time": 0.23424363136291504}, "1": {"passed": true, "execution_time": 0.1605215072631836}, "2": {"passed": true, "execution_time": 0.2709019184112549}, "3": {"passed": true, "execution_time": 0.286027193069458}, "4": {"passed": true, "execution_time": 0.24939680099487305}, "5": {"passed": true, "execution_time": 0.2279517650604248}, "6": {"passed": true, "execution_time": 0.21529006958007812}, "7": {"passed": true, "execution_time": 0.2269420623779297}, "8": {"passed": true, "execution_time": 0.2218325138092041}, "9": {"passed": true, "execution_time": 0.22504568099975586}, "10": {"passed": true, "execution_time": 0.12833929061889648}, "11": {"passed": true, "execution_time": 0.22409272193908691}, "12": {"passed": true, "execution_time": 0.21905946731567383}, "13": {"passed": true, "execution_time": 0.8892319202423096}, "14": {"passed": true, "execution_time": 0.23063063621520996}}}, "version": "1", "message": "ERROR: Hidden Testcases server unreachable.", "check_style_score": "0/1", "problem_id": "ads2_m4_a1_1"}