{"check_style_score": "1/1", "score": {"sample": {"0": {"execution_time": 0.6484780311584473, "passed": true}, "1": {"execution_time": 0.40248990058898926, "passed": true}, "2": {"execution_time": 0.6536397933959961, "passed": true}, "3": {"execution_time": 0.5291831493377686, "passed": true}, "4": {"execution_time": 0.5321536064147949, "passed": true}, "5": {"execution_time": 0.5640325546264648, "passed": true}, "6": {"execution_time": 0.5291242599487305, "passed": true}, "7": {"execution_time": 0.5376288890838623, "passed": true}, "8": {"execution_time": 0.36259031295776367, "passed": true}, "9": {"execution_time": 0.5613448619842529, "passed": true}, "10": {"execution_time": 0.5338952541351318, "passed": true}, "11": {"execution_time": 4.009892463684082, "passed": true}, "12": {"execution_time": 0.5467212200164795, "passed": true}, "13": {"execution_time": 0.19334626197814941, "passed": true}, "14": {"execution_time": 0.5272219181060791, "passed": true}, "15": {"execution_time": 0.5392739772796631, "passed": true}, "16": {"execution_time": 0.29445886611938477, "passed": true}, "17": {"execution_time": 0.3348879814147949, "passed": true}, "18": {"execution_time": 0.30922555923461914, "passed": true}, "19": {"execution_time": 0.3325049877166748, "passed": true}, "20": {"execution_time": 0.3327796459197998, "passed": true}, "21": {"execution_time": 0.25357866287231445, "passed": true}, "22": {"execution_time": 0.24883294105529785, "passed": true}, "23": {"execution_time": 0.3675241470336914, "passed": true}, "24": {"execution_time": 0.17923879623413086, "passed": true}, "25": {"execution_time": 0.6065633296966553, "passed": true}, "26": {"execution_time": 0.5991475582122803, "passed": true}, "27": {"execution_time": 0.6057207584381104, "passed": true}, "28": {"execution_time": 1.0342836380004883, "passed": true}, "29": {"execution_time": 0.3548426628112793, "passed": true}}}, "user_id": "LaxmiNarayanaMurthyVemuri", "message": "ERROR: Hidden Testcases server unreachable.", "problem_id": "ads2_m16_a1_1", "version": "1"}