{"problem_id": "ads2_m16_a1_1", "score": {"sample": {"0": {"passed": true, "execution_time": 0.2917490005493164}, "1": {"passed": true, "execution_time": 0.2204723358154297}, "2": {"passed": true, "execution_time": 0.5397467613220215}, "3": {"passed": true, "execution_time": 0.5212011337280273}, "4": {"passed": true, "execution_time": 0.5758402347564697}, "5": {"passed": true, "execution_time": 0.5907835960388184}, "6": {"passed": true, "execution_time": 0.5936946868896484}, "7": {"passed": true, "execution_time": 0.5488390922546387}, "8": {"passed": true, "execution_time": 0.4158782958984375}, "9": {"passed": true, "execution_time": 0.6183788776397705}, "10": {"passed": true, "execution_time": 0.6155598163604736}, "11": {"passed": true, "execution_time": 4.19692850112915}, "12": {"passed": true, "execution_time": 0.6197364330291748}, "13": {"passed": true, "execution_time": 0.2737998962402344}, "14": {"passed": true, "execution_time": 0.6581122875213623}, "15": {"passed": true, "execution_time": 0.6365082263946533}, "16": {"passed": true, "execution_time": 0.3133082389831543}, "17": {"passed": true, "execution_time": 0.30451202392578125}, "18": {"passed": true, "execution_time": 0.33507251739501953}, "19": {"passed": true, "execution_time": 0.3468770980834961}, "20": {"passed": true, "execution_time": 0.4225459098815918}, "21": {"passed": true, "execution_time": 0.3200516700744629}, "22": {"passed": true, "execution_time": 0.25716638565063477}, "23": {"passed": true, "execution_time": 0.32352185249328613}, "24": {"passed": true, "execution_time": 0.2904837131500244}, "25": {"passed": true, "execution_time": 0.7358670234680176}, "26": {"passed": true, "execution_time": 0.6600015163421631}, "27": {"passed": true, "execution_time": 0.6106338500976562}, "28": {"passed": true, "execution_time": 0.9716145992279053}, "29": {"passed": true, "execution_time": 0.26641225814819336}}}, "version": "1", "user_id": "LaxmiNarayanaMurthyVemuri", "message": "ERROR: Hidden Testcases server unreachable.", "check_style_score": "1/1"}