{"user_id": "LaxmiNarayanaMurthyVemuri", "message": "ERROR: Hidden Testcases server unreachable.", "problem_id": "ads2_m2_a1_1", "check_style_score": "0/1", "version": "1", "score": {"sample": {"0": {"execution_time": 0.3310813903808594, "passed": true}, "1": {"execution_time": 0.10917997360229492, "passed": true}, "2": {"execution_time": 0.10491609573364258, "passed": true}, "3": {"execution_time": 0.11140131950378418, "passed": true}, "4": {"execution_time": 0.11150288581848145, "passed": true}, "5": {"execution_time": 0.10556197166442871, "passed": true}, "6": {"execution_time": 0.14208745956420898, "passed": true}, "7": {"execution_time": 0.10615706443786621, "passed": true}, "8": {"execution_time": 0.10819172859191895, "passed": true}, "9": {"execution_time": 0.10669732093811035, "passed": true}, "10": {"execution_time": 0.11441397666931152, "passed": true}, "11": {"execution_time": 0.1134328842163086, "passed": true}, "12": {"execution_time": 0.10856103897094727, "passed": true}, "13": {"execution_time": 0.10645461082458496, "passed": true}, "14": {"execution_time": 0.10837984085083008, "passed": true}, "15": {"execution_time": 0.12243366241455078, "passed": true}, "16": {"execution_time": 0.12664794921875, "passed": true}, "17": {"execution_time": 0.16595005989074707, "passed": true}, "18": {"execution_time": 0.1586897373199463, "passed": true}, "19": {"execution_time": 0.16612792015075684, "passed": true}, "20": {"execution_time": 0.22072100639343262, "passed": true}, "21": {"execution_time": 0.11364221572875977, "passed": true}, "22": {"execution_time": 0.21950578689575195, "passed": true}, "23": {"execution_time": 0.18347597122192383, "passed": true}}}}