{"user_id": "LaxmiNarayanaMurthyVemuri", "problem_id": "ads2_m2_a1_1", "check_style_score": "0/1", "version": "1", "score": {"sample": {"0": {"execution_time": 0.22953104972839355, "passed": true}, "1": {"execution_time": 0.22969388961791992, "passed": true}, "2": {"execution_time": 0.27410364151000977, "passed": true}, "3": {"execution_time": 0.21305394172668457, "passed": true}, "4": {"execution_time": 0.10808014869689941, "passed": true}, "5": {"execution_time": 0.1268150806427002, "passed": true}, "6": {"execution_time": 0.23834943771362305, "passed": true}, "7": {"execution_time": 0.1546156406402588, "passed": true}, "8": {"execution_time": 0.1914842128753662, "passed": true}, "9": {"execution_time": 0.10554242134094238, "passed": true}, "10": {"execution_time": 0.1184084415435791, "passed": true}, "11": {"execution_time": 0.2287149429321289, "passed": true}, "12": {"execution_time": 0.21547245979309082, "passed": true}, "13": {"execution_time": 0.22495770454406738, "passed": true}, "14": {"execution_time": 0.11757755279541016, "passed": true}, "15": {"execution_time": 0.26992225646972656, "passed": true}, "16": {"execution_time": 0.22234487533569336, "passed": true}, "17": {"execution_time": 0.1672823429107666, "passed": true}, "18": {"execution_time": 0.16058826446533203, "passed": true}, "19": {"execution_time": 0.21911334991455078, "passed": true}, "20": {"execution_time": 0.2188730239868164, "passed": true}, "21": {"execution_time": 0.1641521453857422, "passed": true}, "22": {"execution_time": 0.21694087982177734, "passed": true}, "23": {"execution_time": 0.22314834594726562, "passed": true}}}, "message": "ERROR: Hidden Testcases server unreachable."}