{"problem_id": "ads2_m2_a1_1", "user_id": "LaxmiNarayanaMurthyVemuri", "check_style_score": "0/1", "score": {"sample": {"0": {"execution_time": 0.24506449699401855, "passed": true}, "1": {"execution_time": 0.1179969310760498, "passed": true}, "2": {"execution_time": 0.11238312721252441, "passed": true}, "3": {"execution_time": 0.23036432266235352, "passed": true}, "4": {"execution_time": 0.2174997329711914, "passed": true}, "5": {"execution_time": 0.15851473808288574, "passed": true}, "6": {"execution_time": 0.22263884544372559, "passed": true}, "7": {"execution_time": 0.11698555946350098, "passed": true}, "8": {"execution_time": 0.24283337593078613, "passed": true}, "9": {"execution_time": 0.18316650390625, "passed": true}, "10": {"execution_time": 0.12088274955749512, "passed": true}, "11": {"execution_time": 0.12889695167541504, "passed": true}, "12": {"execution_time": 0.22112035751342773, "passed": true}, "13": {"execution_time": 0.13035202026367188, "passed": true}, "14": {"execution_time": 0.12892436981201172, "passed": true}, "15": {"execution_time": 0.2570316791534424, "passed": true}, "16": {"execution_time": 0.13466548919677734, "passed": true}, "17": {"execution_time": 0.31461668014526367, "passed": true}, "18": {"execution_time": 0.16669034957885742, "passed": true}, "19": {"execution_time": 0.2324831485748291, "passed": true}, "20": {"execution_time": 0.2223072052001953, "passed": true}, "21": {"execution_time": 0.15810060501098633, "passed": true}, "22": {"execution_time": 0.2642629146575928, "passed": true}, "23": {"execution_time": 0.21408462524414062, "passed": true}}}, "version": "1", "message": "ERROR: Hidden Testcases server unreachable."}